{
   "K": [
      [
         359.37535829,
         0.0,
         382.93820617
      ],
      [
         0.0,
         358.2269782,
         209.50681175
      ],
      [
         0.0,
         0.0,
         1.0
      ]
   ],
   "D": [
      -0.024910179999999983,
      0.04810445000000002,
      -0.01361413,
      0.00560505
   ],
   "theta": -1.5000000000000002,
   "left_point": [
      [
         255,
         100
      ],
      [
         234,
         133
      ],
      [
         213,
         167
      ],
      [
         182,
         217
      ],
      [
         121,
         314
      ]
   ],
   "right_point": [
      [
         471,
         99
      ],
      [
         495,
         133
      ],
      [
         520,
         166
      ],
      [
         556,
         216
      ],
      [
         627,
         314
      ]
   ]
}