{
   "K": [
      [
         359.37535829,
         0.0,
         382.93820617
      ],
      [
         0.0,
         358.2269782,
         209.50681175
      ],
      [
         0.0,
         0.0,
         1.0
      ]
   ],
   "D": [
      -0.024910179999999983,
      0.04810445000000002,
      -0.01361413,
      0.00560505
   ],
   "theta": -1.5000000000000002,
   "left_point": [
      [
         265,
         70
      ],
      [
         248,
         100
      ],
      [
         228,
         135
      ],
      [
         209,
         167
      ],
      [
         181,
         216
      ],
      [
         123,
         316
      ],
      [
         100,
         356
      ]
   ],
   "right_point": [
      [
         466,
         70
      ],
      [
         485,
         100
      ],
      [
         507,
         135
      ],
      [
         527,
         166
      ],
      [
         557,
         216
      ],
      [
         620,
         315
      ],
      [
         645,
         356
      ]
   ]
}