{
   "K": [
      [
         866.31862736,
         0.0,
         923.68571496
      ],
      [
         0.0,
         867.84454183,
         487.66348997
      ],
      [
         0.0,
         0.0,
         1.0
      ]
   ],
   "D": [
      -0.026910179999999985,
      0.00710445,
      -0.01361413,
      0.00460505
   ],
   "theta": -1.3,
   "left_point": [
      [
         255,
         100
      ],
      [
         234,
         133
      ],
      [
         213,
         167
      ],
      [
         182,
         217
      ],
      [
         121,
         314
      ]
   ],
   "right_point": [
      [
         471,
         99
      ],
      [
         495,
         133
      ],
      [
         520,
         166
      ],
      [
         556,
         216
      ],
      [
         627,
         314
      ]
   ]
}