{
   "K": [
      [
         359.37535829,
         0.0,
         380.93820617
      ],
      [
         0.0,
         358.2269782,
         236.50681175
      ],
      [
         0.0,
         0.0,
         1.0
      ]
   ],
   "D": [
      -0.019910179999999972,
      0.00810445,
      -0.01361413,
      0.0026050500000000002
   ],
   "theta": 1.5,
   "left_point": [
      [
         225,
         120
      ],
      [
         203,
         155
      ],
      [
         181,
         189
      ],
      [
         149,
         238
      ],
      [
         87,
         333
      ]
   ],
   "right_point": [
      [
         441,
         121
      ],
      [
         464,
         154
      ],
      [
         487,
         189
      ],
      [
         520,
         237
      ],
      [
         585,
         333
      ]
   ]
}