{
   "K": [
      [
         866.31862736,
         0.0,
         922.68571496
      ],
      [
         0.0,
         867.84454183,
         562.66348997
      ],
      [
         0.0,
         0.0,
         1.0
      ]
   ],
   "D": [
      -0.04291018,
      0.00710445,
      -0.01361413,
      0.00460505
   ],
   "theta": 0.5999999999999998,
   "left_point": [
      [
         225,
         120
      ],
      [
         203,
         155
      ],
      [
         181,
         189
      ],
      [
         149,
         238
      ],
      [
         87,
         333
      ]
   ],
   "right_point": [
      [
         441,
         121
      ],
      [
         464,
         154
      ],
      [
         487,
         189
      ],
      [
         520,
         237
      ],
      [
         585,
         333
      ]
   ]
}