{
   "K": [
      [
         359.37535829,
         0.0,
         380.93820617
      ],
      [
         0.0,
         358.2269782,
         236.50681175
      ],
      [
         0.0,
         0.0,
         1.0
      ]
   ],
   "D": [
      -0.019910179999999972,
      0.00810445,
      -0.01361413,
      0.0026050500000000002
   ],
   "theta": 1.5,
   "left_point": [
      [
         238,
         90
      ],
      [
         220,
         120
      ],
      [
         199,
         155
      ],
      [
         178,
         189
      ],
      [
         150,
         237
      ],
      [
         93,
         330
      ],
      [
         67,
         374
      ]
   ],
   "right_point": [
      [
         435,
         90
      ],
      [
         452,
         120
      ],
      [
         471,
         155
      ],
      [
         490,
         189
      ],
      [
         516,
         236
      ],
      [
         568,
         330
      ],
      [
         592,
         374
      ]
   ]
}