{
   "K": [
      [
         866.31862736,
         0.0,
         923.68571496
      ],
      [
         0.0,
         867.84454183,
         524.66348997
      ],
      [
         0.0,
         0.0,
         1.0
      ]
   ],
   "D": [
      -0.04391018,
      0.010104450000000001,
      -0.01361413,
      0.00460505
   ],
   "theta": -0.7,
   "left_point": [
      [
         245,
         107
      ],
      [
         227,
         142
      ],
      [
         209,
         174
      ],
      [
         182,
         226
      ],
      [
         131,
         322
      ]
   ],
   "right_point": [
      [
         469,
         108
      ],
      [
         489,
         142
      ],
      [
         508,
         175
      ],
      [
         538,
         226
      ],
      [
         594,
         322
      ]
   ]
}