{
   "K": [
      [
         359.37535829,
         0.0,
         383.93820617
      ],
      [
         0.0,
         358.2269782,
         223.50681175
      ],
      [
         0.0,
         0.0,
         1.0
      ]
   ],
   "D": [
      -0.04391018,
      0.010104450000000001,
      -0.01361413,
      0.00460505
   ],
   "theta": -0.5,
   "left_point": [
      [
         247,
         79
      ],
      [
         233,
         109
      ],
      [
         217,
         143
      ],
      [
         201,
         176
      ],
      [
         178,
         226
      ],
      [
         134,
         320
      ],
      [
         114,
         364
      ]
   ],
   "right_point": [
      [
         449,
         79
      ],
      [
         466,
         109
      ],
      [
         486,
         143
      ],
      [
         505,
         176
      ],
      [
         534,
         226
      ],
      [
         588,
         320
      ],
      [
         614,
         364
      ]
   ]
}