{
   "K": [
      [
         359.37535829,
         0.0,
         379.93820617
      ],
      [
         0.0,
         358.2269782,
         201.50681175
      ],
      [
         0.0,
         0.0,
         1.0
      ]
   ],
   "D": [
      -0.07291018000000002,
      0.11010445000000008,
      -0.01361413,
      -0.00639495
   ],
   "theta": -0.6,
   "left_point": [
      [
         223,
         73
      ],
      [
         210,
         103
      ],
      [
         196,
         136
      ],
      [
         182,
         168
      ],
      [
         162,
         216
      ],
      [
         122,
         310
      ],
      [
         103,
         354
      ]
   ],
   "right_point": [
      [
         566,
         73
      ],
      [
         579,
         103
      ],
      [
         594,
         135
      ],
      [
         609,
         168
      ],
      [
         630,
         215
      ],
      [
         672,
         310
      ],
      [
         691,
         353
      ]
   ]
}