{
   "K": [
      [
         359.37535829,
         0.0,
         379.93820617
      ],
      [
         0.0,
         358.2269782,
         201.50681175
      ],
      [
         0.0,
         0.0,
         1.0
      ]
   ],
   "D": [
      -0.07291018000000002,
      0.11010445000000008,
      -0.01361413,
      -0.00639495
   ],
   "theta": -0.5,
   "left_point": [
      [
         218,
         103
      ],
      [
         205,
         136
      ],
      [
         192,
         169
      ],
      [
         174,
         214
      ],
      [
         135,
         314
      ]
   ],
   "right_point": [
      [
         481,
         103
      ],
      [
         491,
         135
      ],
      [
         502,
         169
      ],
      [
         516,
         214
      ],
      [
         548,
         314
      ]
   ]
}