{
   "K": [
      [
         866.31862736,
         0.0,
         939.68571496
      ],
      [
         0.0,
         867.84454183,
         485.66348997
      ],
      [
         0.0,
         0.0,
         1.0
      ]
   ],
   "D": [
      -0.06691018000000001,
      0.09310445000000007,
      -0.0046141299999999975,
      -0.02639495000000002
   ],
   "theta": -0.7999999999999999,
   "left_point": [
      [
         218,
         103
      ],
      [
         205,
         136
      ],
      [
         192,
         169
      ],
      [
         174,
         214
      ],
      [
         135,
         314
      ]
   ],
   "right_point": [
      [
         481,
         103
      ],
      [
         491,
         135
      ],
      [
         502,
         169
      ],
      [
         516,
         214
      ],
      [
         548,
         314
      ]
   ]
}